id,form_vvz
0,ьр[F:N]р[F:N]ч[CF:MASC][F:SG][F:V]с[F:FEM]л[CF:INS][FQ4][CF:MASC]ѫѫѫѫѫѫѫѫѫѫѫѫѫѫѫѫѫѫѫѫѫѫѫѫѫ
1,ьр[F:N]ч[CF:MASC]ѫѫѫѫѫѫѫѫѫѫѫѫѫѫѫѫѫ
2,ьр[F:N]р[F:N]ч[CF:MASC][F:SG][F:V]с[F:FEM]лгѫѫѫѫѫѫѫѫѫ
3,ьр[F:N]р[F:N]ч[CF:MASC][F:SG][F:V]с[F:FEM]л[CF:INS][FQ4][CF:MASC]ѫѫѫѫѫѫѫ
4,ьр[F:N]ч[CF:MASC]ѫѫѫѫѫѫѫѫѫѫѫѫѫѫѫѫѫ
5,ьр[F:N]р[F:N]ч[CF:MASC][F:SG][F:V]с[F:FEM]л[CF:INS][FQ4][CF:MASC]ѫѫѫѫѫѫѫ
6,ьр[F:N]р[F:N]ч[CF:MASC][F:SG][F:V]с[F:FEM]л[CF:INS][FQ4][CF:MASC]ѫѫѫѫѫѫѫ
7,ьр[F:N]р[F:N]ч[CF:MASC][F:SG][F:V]с[F:FEM]л[CF:INS][FQ4][CF:MASC]ѫѫѫѫѫѫѫ
8,ьр[F:N]р[F:N]ч[CF:MASC][F:SG][F:V]с[F:FEM]л[CF:INS][FQ4][CF:MASC]ѫѫѫѫѫѫѫ
9,ьр[F:N]ч[CF:MASC]ѫѫѫѫѫѫѫѫѫѫѫѫѫѫѫѫѫ
10,ьр[F:N]р[F:N]ч[CF:MASC][F:SG][F:V]с[F:FEM]л[CF:INS][FQ4][CF:MASC]ѫѫѫѫѫѫѫ
11,ьр[F:N]р[F:N]ч[CF:MASC]ѫѫѫѫѫѫѫѫѫѫѫѫѫѫѫ
12,ьр[F:N]р[F:N]ч[CF:MASC][F:SG][F:V]с[F:FEM]л[CF:INS][FQ4][CF:MASC]ѫѫѫѫѫѫѫ
13,ьр[F:N]р[F:N]ч[CF:MASC][F:SG][F:V]с[F:FEM]л[CF:INS][FQ4][CF:MASC]ѫѫѫѫѫѫѫ
14,ьр[F:N]р[F:N]ч[CF:MASC][F:SG][F:V]с[F:FEM]л[CF:INS][FQ4][CF:MASC]ѫѫѫѫѫѫѫ
15,ьр[F:N]р[F:N]ч[CF:MASC][F:SG][F:V]с[F:FEM]л[CF:INS][FQ4][CF:MASC]ѫѫѫѫѫѫѫ
16,ьр[F:N]р[F:N]ч[CF:MASC][F:SG][F:V]с[F:FEM]л[CF:INS][FQ4][CF:MASC]ѫѫѫѫѫѫѫ
17,ьр[F:N]р[F:N]ч[CF:MASC][F:SG][F:V]с[F:FEM]л[CF:INS][FQ4][CF:MASC]ѫѫѫѫѫѫѫ
18,ьр[F:N]р[F:N]ч[CF:MASC][F:SG][F:V]с[F:FEM]л[CF:INS][FQ4][CF:MASC]ѫѫѫѫѫѫѫ
19,ьр[F:N]р[F:N]ч[CF:MASC][F:SG][F:V]с[F:FEM]л[CF:INS][FQ4][CF:MASC]ѫѫѫѫѫѫѫ
20,ьр[F:N]р[F:N]ч[CF:MASC][F:SG][F:V]с[F:FEM]л[CF:INS][FQ4][CF:MASC]ѫѫѫѫѫѫѫ
21,ьр[F:N]р[F:N]ч[CF:MASC][F:SG][F:V]с[F:FEM]л[CF:INS][FQ4][CF:MASC]ѫѫѫѫѫѫѫ
22,ьр[F:N]р[F:N]ч[CF:MASC][F:SG][F:V]с[F:FEM]л[CF:INS][FQ4][CF:MASC]ѫѫѫѫѫѫѫ
23,ьр[F:N]р[F:N]ч[CF:MASC]ѫѫѫѫѫѫч[CF:MASC][F:SG][F:V]с
24,ьр[F:N]р[F:N]ч[CF:MASC][F:SG][F:V]с[F:FEM]л[CF:INS][FQ4][CF:MASC]ѫѫѫѫѫѫѫ
25,ьр[F:N]р[F:N]ч[CF:MASC][F:SG][F:V]с[F:FEM]л[CF:INS][FQ4][CF:MASC]ѫѫѫѫѫѫѫ
26,ьр[F:N]р[F:N]ч[CF:MASC][F:SG][F:V]с[F:FEM]л[CF:INS][FQ4][CF:MASC]ѫѫѫѫѫѫѫ
27,ьр[F:N]р[F:N]ч[CF:MASC][F:SG][F:V]с[F:FEM]л[CF:INS][FQ4][CF:MASC]ѫѫѫѫѫѫѫ
28,ьр[F:N]р[F:N]ч[CF:MASC][F:SG][F:V]с[F:FEM]л[CF:INS][FQ4][CF:MASC]ѫѫѫѫѫѫѫ
29,ьр[F:N]р[F:N]ч[CF:MASC][F:SG][F:V]с[F:FEM]л[CF:INS][FQ4][CF:MASC]ѫѫѫѫѫѫѫ
30,ьр[F:N]р[F:N]ч[CF:MASC][F:SG][F:V]с[F:FEM]л[CF:INS][FQ4][CF:MASC]ѫѫѫѫѫѫѫ
31,ьр[F:N]р[F:N]ч[CF:MASC][F:SG][F:V]с[F:FEM]л[CF:INS][FQ4][CF:MASC]ѫѫѫѫѫѫѫ
32,ьр[F:N]р[F:N]ч[CF:MASC][F:SG][F:V]с[F:FEM]л[CF:INS][FQ4][CF:MASC]ѫѫѫѫѫѫѫѫѫѫѫѫѫѫѫѫѫѫѫѫѫѫѫѫѫ
33,ьр[F:N]р[F:N]ч[CF:MASC][F:SG][F:V]с[F:FEM]лгѫѫѫѫѫѫѫѫѫ
34,ьр[F:N]р[F:N]ч[CF:MASC][F:SG][F:V]с[F:FEM]л[CF:INS][FQ4][CF:MASC]ѫѫѫѫѫѫѫ
35,ьр[F:N]р[F:N]ч[CF:MASC][F:SG][F:V]с[F:FEM]л[CF:INS][FQ4][CF:MASC]ѫѫѫѫѫѫѫ
36,ьр[F:N]р[F:N]ч[CF:MASC][F:SG][F:V]с[F:FEM]л[CF:INS][FQ4][CF:MASC]ѫѫѫѫѫѫѫѫѫѫѫѫѫѫѫѫѫѫѫѫѫѫѫѫѫ
37,ьр[F:N]р[F:N]ч[CF:MASC][F:SG][F:V]с[F:FEM]л[CF:INS][FQ4][CF:MASC]ѫѫѫѫѫѫѫ
38,ьр[F:N]р[F:N]ч[CF:MASC]ѫѫѫѫѫѫѫѫѫѫѫѫѫѫѫ
39,ьр[F:N]р[F:N]ч[CF:MASC][F:SG][F:V]с[F:FEM]л[CF:INS][FQ4][CF:MASC]ѫѫѫѫѫѫѫ
40,ьр[F:N]р[F:N]ч[CF:MASC][F:SG][F:V]с[F:FEM]л[CF:INS][FQ4][CF:MASC]ѫѫѫѫѫѫѫ
41,ьр[F:N]р[F:N]ч[CF:MASC][F:SG][F:V]с[F:FEM]л[CF:INS][FQ4][CF:MASC]ѫѫѫѫѫѫѫ
42,ьр[F:N]ч[CF:MASC]ѫѫѫѫѫѫѫѫѫѫѫѫѫѫѫѫѫ
43,ьр[F:N]ч[CF:MASC]ѫѫѫѫѫѫѫѫѫѫѫѫѫѫѫѫѫ
44,ьр[F:N]ч[CF:MASC]ѫѫѫѫѫѫѫѫѫѫѫѫѫѫѫѫѫ
45,ьр[F:N]ч[CF:MASC]ѫѫѫѫѫѫѫѫѫѫѫѫѫѫѫѫѫѫѫѫѫѫѫѫѫѫѫѫѫѫѫѫѫѫѫ
46,ьр[F:N]ч[CF:MASC]ѫѫѫѫѫѫѫѫѫѫѫѫѫѫѫѫѫѫѫѫѫѫѫѫѫѫѫѫѫѫѫѫѫѫѫ
47,ьр[F:N]р[F:N]ч[CF:MASC]ѫѫѫѫѫѫч[CF:MASC][F:SG][F:V]с
48,ьр[F:N]р[F:N]ч[CF:MASC][F:SG][F:V]с[F:FEM]л[CF:INS][FQ4][CF:MASC]ѫѫѫѫѫѫѫ
49,ьр[F:N]р[F:N]ч[CF:MASC][F:SG][F:V]с[F:FEM]л[CF:INS][FQ4][CF:MASC]ѫѫѫѫѫѫѫѫѫѫѫѫѫѫѫѫѫѫѫѫѫѫѫѫѫ
50,ьр[F:N]р[F:N]ч[CF:MASC][F:SG][F:V]с[F:FEM]л[CF:INS][FQ4][CF:MASC][F:SG][F:V]с
51,ьр[F:N]р[F:N]ч[CF:MASC]ѫѫѫѫѫѫѫѫѫѫѫѫѫѫѫ
52,ьр[F:N]р[F:N]ч[CF:MASC][F:SG][F:V]с[F:FEM]л[CF:INS][FQ4][CF:MASC]ѫѫѫѫѫѫѫ
53,ьр[F:N]р[F:N]ч[CF:MASC]ѫѫѫѫѫѫѫѫѫѫѫѫѫѫѫ
54,ьр[F:N]р[F:N]ч[CF:MASC][F:SG][F:V]с[F:FEM]л[CF:INS][FQ4][CF:MASC]ѫѫѫѫѫѫѫ
55,ьр[F:N]р[F:N]ч[CF:MASC][F:SG][F:V]с[F:FEM]л[CF:INS][FQ4][CF:MASC]ѫѫѫѫѫѫѫ
56,ьр[F:N]р[F:N]ч[CF:MASC]ѫѫѫѫѫѫч[CF:MASC][F:SG][F:V]с
57,ьр[F:N]р[F:N]ч[CF:MASC]ѫѫѫѫѫѫч[CF:MASC][F:SG][F:V]с
58,ьр[F:N]ч[CF:MASC]ѫѫѫѫѫѫѫѫѫѫѫѫѫѫѫѫѫ
59,ьр[F:N]р[F:N]ч[CF:MASC]ѫѫѫѫѫѫѫѫѫѫѫѫѫѫѫ
60,ьр[F:N]р[F:N]ч[CF:MASC]ѫѫѫѫѫѫѫѫѫѫѫѫѫѫѫ
61,ьр[F:N]р[F:N]ч[CF:MASC]ѫѫѫѫѫѫѫѫѫѫѫѫѫѫѫ
62,ьр[F:N]р[F:N]ч[CF:MASC]ѫѫѫѫѫѫѫѫѫѫѫѫѫѫѫ
63,ьр[F:N]р[F:N]ч[CF:MASC]ѫѫѫѫѫѫѫѫѫѫѫѫѫѫѫ
64,ьр[F:N]р[F:N]ч[CF:MASC][F:SG][F:V]с[F:FEM]л[CF:INS][FQ4][CF:MASC]ѫѫѫѫѫѫѫ
65,ьр[F:N]р[F:N]ч[CF:MASC][F:SG][F:V]с[F:FEM]л[CF:INS][FQ4][CF:MASC]ѫѫѫѫѫѫѫ
66,ьр[F:N]ч[CF:MASC]ѫѫѫѫѫѫѫѫѫѫѫѫѫѫѫѫѫѫѫѫѫѫѫѫѫѫѫѫѫѫѫѫѫѫѫ
67,ьр[F:N]р[F:N]ч[CF:MASC][F:SG][F:V]с[F:FEM]л[CF:INS][FQ4][CF:MASC]ѫѫѫѫѫѫѫ
68,ьр[F:N]р[F:N]ч[CF:MASC][F:SG][F:V]с[F:FEM]л[CF:INS][FQ4][CF:MASC]ѫѫѫѫѫѫѫ
69,ьр[F:N]р[F:N]ч[CF:MASC][F:SG][F:V]с[F:FEM]л[CF:INS][FQ4][CF:MASC]ѫѫѫѫѫѫѫ
70,ьр[F:N]ч[CF:MASC]ѫѫѫѫѫѫѫѫѫѫѫѫѫѫѫѫѫѫѫѫѫѫѫѫѫѫѫѫѫѫѫѫѫѫѫ
71,ьр[F:N]р[F:N]ч[CF:MASC][F:SG][F:V]с[F:FEM]л[CF:INS][FQ4][CF:MASC]ѫѫѫѫѫѫѫ
72,ьр[F:N]ч[CF:MASC]ѫѫѫѫѫѫѫѫѫѫѫѫѫѫѫѫѫѫѫѫѫѫѫѫѫѫѫѫѫѫѫѫѫѫѫ
73,ьр[F:N]р[F:N]ч[CF:MASC]ѫѫѫѫѫѫѫѫѫѫѫѫѫѫѫ
74,ьр[F:N]р[F:N]ч[CF:MASC][F:SG][F:V]с[F:FEM]л[CF:INS][FQ4][CF:MASC]ѫѫѫѫѫѫѫѫѫѫѫѫѫѫѫѫѫѫѫѫѫѫѫѫѫ
75,ьр[F:N]р[F:N]ч[CF:MASC]ѫѫѫѫѫѫѫѫѫѫѫѫѫѫѫ
76,ьр[F:N]р[F:N]ч[CF:MASC][F:SG][F:V]с[F:FEM]л[CF:INS][FQ4][CF:MASC]ѫѫѫѫѫѫѫѫѫѫѫѫѫѫѫѫѫѫѫѫѫѫѫѫѫ
77,ьр[F:N]р[F:N]ч[CF:MASC][F:SG][F:V]с[F:FEM]л[CF:INS][FQ4][CF:MASC]ѫѫѫѫѫѫѫѫѫѫѫѫѫѫѫѫѫѫѫѫѫѫѫѫѫ
78,ьр[F:N]р[F:N]ч[CF:MASC][F:SG][F:V]с[F:FEM]л[CF:INS][FQ4][CF:MASC]ѫѫѫѫѫѫѫ
79,ьр[F:N]р[F:N]ч[CF:MASC][F:SG][F:V]с[F:FEM]л[CF:INS][FQ4][CF:MASC]ѫѫѫѫѫѫѫѫѫѫѫѫѫѫѫѫѫѫѫѫѫѫѫѫѫ
80,ьр[F:N]р[F:N]ч[CF:MASC][F:SG][F:V]с[F:FEM]л[CF:INS][FQ4][CF:MASC]ѫѫѫѫѫѫѫѫѫѫѫѫѫѫѫѫѫѫѫѫѫѫѫѫѫ
81,ьр[F:N]р[F:N]ч[CF:MASC][F:SG][F:V]с[F:FEM]л[CF:INS][FQ4][CF:MASC]ѫѫѫѫѫѫѫ
82,ьр[F:N]р[F:N]ч[CF:MASC][F:SG][F:V]с[F:FEM]л[CF:INS][FQ4][CF:MASC]ѫѫѫѫѫѫѫ
83,ьр[F:N]р[F:N]ч[CF:MASC][F:SG][F:V]с[F:FEM]л[CF:INS][FQ4][CF:MASC]ѫѫѫѫѫѫѫ
84,ьр[F:N]р[F:N]ч[CF:MASC][F:SG][F:V]с[F:FEM]л[CF:INS][FQ4][CF:MASC]ѫѫѫѫѫѫѫ
85,ьр[F:N]р[F:N]ч[CF:MASC][F:SG][F:V]с[F:FEM]л[CF:INS][FQ4][CF:MASC]ѫѫѫѫѫѫѫѫѫѫѫѫѫѫѫѫѫѫѫѫѫѫѫѫѫ
86,ьр[F:N]р[F:N]ч[CF:MASC][F:SG][F:V]с[F:FEM]л[CF:INS][FQ4][CF:MASC]ѫѫѫѫѫѫѫѫѫѫѫѫѫѫѫѫѫѫѫѫѫѫѫѫѫ
87,ьр[F:N]р[F:N]ч[CF:MASC][F:SG][F:V]с[F:FEM]л[CF:INS][FQ4][CF:MASC]ѫѫѫѫѫѫѫѫѫѫѫѫѫѫѫѫѫѫѫѫѫѫѫѫѫ
88,ьр[F:N]р[F:N]ч[CF:MASC][F:SG][F:V]с[F:FEM]л[CF:INS][FQ4][CF:MASC]ѫѫѫѫѫѫѫѫѫѫѫѫѫѫѫѫѫѫѫѫѫѫѫѫѫ
89,ьр[F:N]р[F:N]ч[CF:MASC][F:SG][F:V]с[F:FEM]л[CF:INS][FQ4][CF:MASC]ѫѫѫѫѫѫѫѫѫѫѫѫѫѫѫѫѫѫѫѫѫѫѫѫѫ
90,ьр[F:N]р[F:N]ч[CF:MASC]ѫѫѫѫѫѫѫѫѫѫѫѫѫѫѫ
91,ьр[F:N]р[F:N]ч[CF:MASC]ѫѫѫѫѫѫѫѫѫѫѫѫѫѫѫѫѫѫѫѫѫѫѫѫѫѫѫѫѫѫѫѫѫ
92,ьр[F:N]р[F:N]ч[CF:MASC]ѫѫѫѫѫѫѫѫѫѫѫѫѫѫѫѫѫѫѫѫѫѫѫѫѫѫѫѫѫѫѫѫѫ
93,ьр[F:N]ч[CF:MASC]ѫѫѫѫѫѫѫѫѫѫѫѫѫѫѫѫѫѫѫѫѫѫѫѫѫѫѫѫѫѫѫѫѫѫѫ
94,ьр[F:N]р[F:N]ч[CF:MASC][F:SG][F:V]с[F:FEM]л[CF:INS][FQ4][CF:MASC]ѫѫѫѫѫѫѫ
95,ьр[F:N]ч[CF:MASC]ѫѫѫѫѫѫѫѫѫѫѫѫѫѫѫѫѫ
96,ьр[F:N]ч[CF:MASC]ѫѫѫѫѫѫѫѫѫѫѫѫѫѫѫѫѫ
97,ьр[F:N]ч[CF:MASC]ѫѫѫѫѫѫѫѫѫѫѫѫѫѫѫѫѫ
98,ьр[F:N]ч[CF:MASC]ѫѫѫѫѫѫѫѫѫѫѫѫѫѫѫѫѫ
99,ьр[F:N]ч[CF:MASC]ѫѫѫѫѫѫѫѫѫѫѫѫѫѫѫѫѫ
100,ьр[F:N]ч[CF:MASC]ѫѫѫѫѫѫѫѫѫѫѫѫѫѫѫѫѫ
101,ьр[F:N]ч[CF:MASC]ѫѫѫѫѫѫѫѫѫѫѫѫѫѫѫѫѫ
102,ьр[F:N]ч[CF:MASC]ѫѫѫѫѫѫѫѫѫѫѫѫѫѫѫѫѫ
103,ьр[F:N]ч[CF:MASC]ѫѫѫѫѫѫѫѫѫѫѫѫѫѫѫѫѫ
104,ьр[F:N]ч[CF:MASC]ѫѫѫѫѫѫѫѫѫѫѫѫѫѫѫѫѫ
105,ьр[F:N]р[F:N]ч[CF:MASC][F:SG][F:V]с[F:FEM]л[CF:INS][FQ4][CF:MASC]ѫѫѫѫѫѫѫ
106,ьр[F:N]р[F:N]ч[CF:MASC][F:SG][F:V]с[F:FEM]л[CF:INS][FQ4][CF:MASC]ѫѫѫѫѫѫѫ
107,ьр[F:N]р[F:N]ч[CF:MASC][F:SG][F:V]с[F:FEM]л[CF:INS][FQ4][CF:MASC]ѫѫѫѫѫѫѫѫѫѫѫѫѫѫѫѫѫѫѫѫѫѫѫѫѫ
108,ьр[F:N]р[F:N]ч[CF:MASC][F:SG][F:V]с[F:FEM]л[CF:INS][FQ4][CF:MASC]ѫѫѫѫѫѫѫ
109,ьр[F:N]р[F:N]ч[CF:MASC][F:SG][F:V]с[F:FEM]л[CF:INS][FQ4][CF:MASC]ѫѫѫѫѫѫѫ
110,ьр[F:N]р[F:N]ч[CF:MASC][F:SG][F:V]с[F:FEM]л[CF:INS][FQ4][CF:MASC]ѫѫѫѫѫѫѫ
111,ьр[F:N]ч[CF:MASC]ѫѫѫѫѫѫѫѫч[CF:MASC][F:SG][F:V]с
112,ьр[F:N]ч[CF:MASC]ѫѫѫѫѫѫѫѫѫѫѫѫѫѫѫѫѫ
113,ьр[F:N]ч[CF:MASC]ѫѫѫѫѫѫѫѫѫѫѫѫѫѫѫѫѫ
114,ьр[F:N]ч[CF:MASC]ѫѫѫѫѫѫѫѫѫѫѫѫѫѫѫѫѫ
115,ьр[F:N]ч[CF:MASC]ѫѫѫѫѫѫѫѫѫѫѫѫѫѫѫѫѫ
116,ьр[F:N]р[F:N]ч[CF:MASC][F:SG][F:V]с[F:FEM]л[CF:INS][FQ4][CF:MASC]ѫѫѫѫѫѫѫѫѫѫѫѫѫѫѫѫѫѫѫѫѫѫѫѫѫ
117,ьр[F:N]р[F:N]ч[CF:MASC][F:SG][F:V]с[F:FEM]л[CF:INS][FQ4][CF:MASC]ѫѫѫѫѫѫѫѫѫѫѫѫѫѫѫѫѫѫѫѫѫѫѫѫѫ
118,ьр[F:N]р[F:N]ч[CF:MASC][F:SG][F:V]с[F:FEM]л[CF:INS][FQ4][CF:MASC]ѫѫѫѫѫѫѫѫѫѫѫѫѫѫѫѫѫѫѫѫѫѫѫѫѫ
119,ьр[F:N]р[F:N]ч[CF:MASC][F:SG][F:V]с[F:FEM]л[CF:INS][FQ4][CF:MASC]ѫѫѫѫѫѫѫѫѫѫѫѫѫѫѫѫѫѫѫѫѫѫѫѫѫ
120,ьр[F:N]р[F:N]ч[CF:MASC]ѫѫѫѫѫѫѫѫѫѫѫѫѫѫѫ
121,ьр[F:N]р[F:N]ч[CF:MASC][F:SG][F:V]с[F:FEM]л[CF:INS][FQ4][CF:MASC]ѫѫѫѫѫѫѫѫѫѫѫѫѫѫѫѫѫѫѫѫѫѫѫѫѫ
122,ьр[F:N]р[F:N]ч[CF:MASC][F:SG][F:V]с[F:FEM]л[CF:INS][FQ4][CF:MASC]ѫѫѫѫѫѫѫ
123,ьр[F:N]р[F:N]ч[CF:MASC][F:SG][F:V]с[F:FEM]л[CF:INS][FQ4][CF:MASC]ѫѫѫѫѫѫѫѫѫѫѫѫѫѫѫѫѫѫѫѫѫѫѫѫѫ
124,ьр[F:N]р[F:N]ч[CF:MASC][F:SG][F:V]с[F:FEM]л[CF:INS][FQ4][CF:MASC]ѫѫѫѫѫѫѫѫѫѫѫѫѫѫѫѫѫѫѫѫѫѫѫѫѫ
125,ьр[F:N]р[F:N]ч[CF:MASC][F:SG][F:V]с[F:FEM]л[CF:INS][FQ4][CF:MASC]ѫѫѫѫѫѫѫѫѫѫѫѫѫѫѫѫѫѫѫѫѫѫѫѫѫ
126,ьр[F:N]р[F:N]ч[CF:MASC]ѫѫѫѫѫѫѫѫѫѫѫѫѫѫѫѫѫѫѫѫѫѫѫѫѫѫѫѫѫѫѫѫѫ
127,ьр[F:N]р[F:N]ч[CF:MASC][F:SG][F:V]с[F:FEM]л[CF:INS][FQ4][CF:MASC]ѫѫѫѫѫѫѫѫѫѫѫѫѫѫѫѫѫѫѫѫѫѫѫѫѫ
128,ьр[F:N]р[F:N]ч[CF:MASC][F:SG][F:V]с[F:FEM]л[CF:INS][FQ4][CF:MASC]ѫѫѫѫѫѫѫ
129,ьр[F:N]р[F:N]ч[CF:MASC][F:SG][F:V]с[F:FEM]л[CF:INS][FQ4][CF:MASC]ѫѫѫѫѫѫѫѫѫѫѫѫѫѫѫѫѫѫѫѫѫѫѫѫѫ
130,ьр[F:N]ч[CF:MASC]ѫѫѫѫѫѫѫѫѫѫѫѫѫѫѫѫѫѫѫѫѫѫѫѫѫѫѫѫѫѫѫѫѫѫѫ
131,ьр[F:N]ч[CF:MASC]ѫѫѫѫѫѫѫѫѫѫѫѫѫѫѫѫѫѫѫѫѫѫѫѫѫѫѫѫѫѫѫѫѫѫѫ
132,ьр[F:N]ч[CF:MASC]ѫѫѫѫѫѫѫѫѫѫѫѫѫѫѫѫѫ
133,ьр[F:N]ч[CF:MASC]ѫѫѫѫѫѫѫѫѫѫѫѫѫѫѫѫѫ
134,ьр[F:N]ч[CF:MASC]ѫѫѫѫѫѫѫѫѫѫѫѫѫѫѫѫѫ
135,ьр[F:N]ч[CF:MASC]ѫѫѫѫѫѫѫѫѫѫѫѫѫѫѫѫѫ
136,ьр[F:N]ч[CF:MASC]ѫѫѫѫѫѫѫѫѫѫѫѫѫѫѫѫѫ
137,ьр[F:N]ч[CF:MASC]ѫѫѫѫѫѫѫѫѫѫѫѫѫѫѫѫѫ
138,ьр[F:N]ч[CF:MASC]ѫѫѫѫѫѫѫѫѫѫѫѫѫѫѫѫѫѫѫѫѫѫѫѫѫѫѫѫѫѫѫѫѫѫѫ
139,ьр[F:N]ч[CF:MASC]ѫѫѫѫѫѫѫѫѫѫѫѫѫѫѫѫѫ
140,ьр[F:N]р[F:N]ч[CF:MASC][F:SG][F:V]с[F:FEM]л[CF:INS][FQ4][CF:MASC]ѫѫѫѫѫѫѫѫѫѫѫѫѫѫѫѫѫѫѫѫѫѫѫѫѫ
141,ьр[F:N]р[F:N]ч[CF:MASC][F:SG][F:V]с[F:FEM]л[CF:INS][FQ4][CF:MASC]ѫѫѫѫѫѫѫѫѫѫѫѫѫѫѫѫѫѫѫѫѫѫѫѫѫ
142,ьр[F:N]р[F:N]ч[CF:MASC][F:SG][F:V]с[F:FEM]л[CF:INS][FQ4][CF:MASC]ѫѫѫѫѫѫѫѫѫѫѫѫѫѫѫѫѫѫѫѫѫѫѫѫѫ
143,ьр[F:N]р[F:N]ч[CF:MASC][F:SG][F:V]с[F:FEM]л[CF:INS][FQ4][CF:MASC]ѫѫѫѫѫѫѫѫѫѫѫѫѫѫѫѫѫѫѫѫѫѫѫѫѫ
144,ьр[F:N]р[F:N]ч[CF:MASC][F:SG][F:V]с[F:FEM]л[CF:INS][FQ4][CF:MASC]ѫѫѫѫѫѫѫѫѫѫѫѫѫѫѫѫѫѫѫѫѫѫѫѫѫ
145,ьр[F:N]р[F:N]ч[CF:MASC][F:SG][F:V]с[F:FEM]л[CF:INS][FQ4][CF:MASC]ѫѫѫѫѫѫѫѫѫѫѫѫѫѫѫѫѫѫѫѫѫѫѫѫѫ
146,ьр[F:N]р[F:N]ч[CF:MASC]ѫѫѫѫѫѫѫѫѫѫѫѫѫѫѫ
147,ьр[F:N]р[F:N]ч[CF:MASC]ѫѫѫѫѫѫѫѫѫѫѫѫѫѫѫ
148,ьр[F:N]р[F:N]ч[CF:MASC]ѫѫѫѫѫѫѫѫѫѫѫѫѫѫѫ
149,ьр[F:N]р[F:N]ч[CF:MASC][F:SG][F:V]с[F:FEM]л[CF:INS][FQ4][CF:MASC]ѫѫѫѫѫѫѫѫѫѫѫѫѫѫѫѫѫѫѫѫѫѫѫѫѫ
150,ьр[F:N]р[F:N]ч[CF:MASC]ѫѫѫѫѫѫѫѫѫѫѫѫѫѫѫ
151,ьр[F:N]ч[CF:MASC]ѫѫѫѫѫѫѫѫч[CF:MASC][F:SG][F:V]с
152,ьр[F:N]р[F:N]ч[CF:MASC][F:SG][F:V]с[F:FEM]л[CF:INS][FQ4][CF:MASC]ѫѫѫѫѫѫѫ
153,ьр[F:N]р[F:N]ч[CF:MASC][F:SG][F:V]с[F:FEM]л[CF:INS][FQ4][CF:MASC]ѫѫѫѫѫѫѫ
154,ьр[F:N]р[F:N]ч[CF:MASC][F:SG][F:V]с[F:FEM]л[CF:INS][FQ4][CF:MASC]ѫѫѫѫѫѫѫ
155,ьр[F:N]р[F:N]ч[CF:MASC][F:SG][F:V]с[F:FEM]л[CF:INS][FQ4][CF:MASC]ѫѫѫѫѫѫѫ
156,ьр[F:N]р[F:N]ч[CF:MASC][F:SG][F:V]с[F:FEM]л[CF:INS][FQ4][CF:MASC]ѫѫѫѫѫѫѫ
157,ьр[F:N]р[F:N]ч[CF:MASC][F:SG][F:V]с[F:FEM]л[CF:INS][FQ4][CF:MASC]ѫѫѫѫѫѫѫ
158,ьр[F:N]р[F:N]ч[CF:MASC][F:SG][F:V]с[F:FEM]л[CF:INS][FQ4][CF:MASC]ѫѫѫѫѫѫѫ
159,ьр[F:N]р[F:N]ч[CF:MASC][F:SG][F:V]с[F:FEM]л[CF:INS][FQ4][CF:MASC]ѫѫѫѫѫѫѫ
160,ьр[F:N]р[F:N]ч[CF:MASC][F:SG][F:V]с[F:FEM]л[CF:INS][FQ4][CF:MASC]ѫѫѫѫѫѫѫ
161,ьр[F:N]р[F:N]ч[CF:MASC][F:SG][F:V]с[F:FEM]л[CF:INS][FQ4][CF:MASC]ѫѫѫѫѫѫѫѫѫѫѫѫѫѫѫѫѫѫѫѫѫѫѫѫѫ
162,ьр[F:N]р[F:N]ч[CF:MASC][F:SG][F:V]с[F:FEM]л[CF:INS][FQ4][CF:MASC]ѫѫѫѫѫѫѫѫѫѫѫѫѫѫѫѫѫѫѫѫѫѫѫѫѫ
163,ьр[F:N]р[F:N]ч[CF:MASC][F:SG][F:V]с[F:FEM]л[CF:INS][FQ4][CF:MASC]ѫѫѫѫѫѫѫ
164,ьр[F:N]р[F:N]ч[CF:MASC][F:SG][F:V]с[F:FEM]л[CF:INS][FQ4][CF:MASC]ѫѫѫѫѫѫѫ
165,ьр[F:N]р[F:N]ч[CF:MASC][F:SG][F:V]с[F:FEM]л[CF:INS][FQ4][CF:MASC]ѫѫѫѫѫѫѫ
166,ьр[F:N]р[F:N]ч[CF:MASC][F:SG][F:V]с[F:FEM]л[CF:INS][FQ4][CF:MASC]ѫѫѫѫѫѫѫ
167,ьр[F:N]р[F:N]ч[CF:MASC][F:SG][F:V]с[F:FEM]л[CF:INS][FQ4][CF:MASC]ѫѫѫѫѫѫѫ
168,ьр[F:N]р[F:N]ч[CF:MASC][F:SG][F:V]с[F:FEM]л[CF:INS][FQ4][CF:MASC]ѫѫѫѫѫѫѫ
169,ьр[F:N]р[F:N]ч[CF:MASC][F:SG][F:V]с[F:FEM]л[CF:INS][FQ4][CF:MASC]ѫѫѫѫѫѫѫ
170,ьр[F:N]р[F:N]р[F:N]ч[CF:MASC]ѫѫѫѫѫѫѫѫѫѫѫѫѫѫѫѫѫѫѫѫѫѫѫѫѫѫѫѫѫѫѫ
171,ьр[F:N]р[F:N]ч[CF:MASC][F:SG][F:V]с[F:FEM]л[CF:INS][FQ4][CF:MASC]ѫѫѫѫѫѫѫ
172,ьр[F:N]р[F:N]ч[CF:MASC]ѫѫѫѫѫѫч[CF:MASC][F:SG][F:V]с
173,ьр[F:N]р[F:N]ч[CF:MASC]ѫѫѫѫѫѫч[CF:MASC][F:SG][F:V]с
174,ьр[F:N]ч[CF:MASC]ѫѫѫѫѫѫѫѫѫѫѫѫѫѫѫѫѫ
175,ьр[F:N]р[F:N]ч[CF:MASC][F:SG][F:V]с[F:FEM]л[CF:INS][FQ4][CF:MASC]ѫѫѫѫѫѫѫѫѫѫѫѫѫѫѫѫѫѫѫѫѫѫѫѫѫ
176,ьр[F:N]р[F:N]ч[CF:MASC][F:SG][F:V]с[F:FEM]л[CF:INS][FQ4][CF:MASC]ѫѫѫѫѫѫѫѫѫѫѫѫѫѫѫѫѫѫѫѫѫѫѫѫѫ
177,ьр[F:N]р[F:N]ч[CF:MASC][F:SG][F:V]с[F:FEM]л[CF:INS][FQ4][CF:MASC]ѫѫѫѫѫѫѫѫѫѫѫѫѫѫѫѫѫѫѫѫѫѫѫѫѫ
178,ьр[F:N]р[F:N]ч[CF:MASC][F:SG][F:V]с[F:FEM]л[CF:INS][FQ4][CF:MASC]ѫѫѫѫѫѫѫѫѫѫѫѫѫѫѫѫѫѫѫѫѫѫѫѫѫ
179,ьр[F:N]р[F:N]ч[CF:MASC][F:SG][F:V]с[F:FEM]л[CF:INS][FQ4][CF:MASC]ѫѫѫѫѫѫѫѫѫѫѫѫѫѫѫѫѫѫѫѫѫѫѫѫѫ
180,ьр[F:N]р[F:N]ч[CF:MASC][F:SG][F:V]с[F:FEM]л[CF:INS][FQ4][CF:MASC]ѫѫѫѫѫѫѫѫѫѫѫѫѫѫѫѫѫѫѫѫѫѫѫѫѫ
181,ьр[F:N]р[F:N]ч[CF:MASC][F:SG][F:V]с[F:FEM]л[CF:INS][FQ4][CF:MASC]ѫѫѫѫѫѫѫѫѫѫѫѫѫѫѫѫѫѫѫѫѫѫѫѫѫ
182,ьр[F:N]р[F:N]ч[CF:MASC][F:SG][F:V]с[F:FEM]л[CF:INS][FQ4][CF:MASC]ѫѫѫѫѫѫѫ
183,ьр[F:N]р[F:N]ч[CF:MASC][F:SG][F:V]с[F:FEM]л[CF:INS][FQ4][CF:MASC]ѫѫѫѫѫѫѫ
184,ьр[F:N]р[F:N]ч[CF:MASC]ѫѫѫѫѫѫѫѫѫѫѫѫѫѫѫѫѫѫѫѫѫѫѫѫѫѫѫѫѫѫѫѫѫ
185,ьр[F:N]р[F:N]ч[CF:MASC][F:SG][F:V]с[F:FEM]л[CF:INS][FQ4][CF:MASC]ѫѫѫѫѫѫѫѫѫѫѫѫѫѫѫѫѫѫѫѫѫѫѫѫѫ
186,ьр[F:N]р[F:N]ч[CF:MASC]ѫѫѫѫѫѫѫѫѫѫѫѫѫѫѫѫѫѫѫѫѫѫѫѫѫѫѫѫѫѫѫѫѫ
187,ьр[F:N]р[F:N]ч[CF:MASC][F:SG][F:V]с[F:FEM]л[CF:INS][FQ4][CF:MASC]ѫѫѫѫѫѫѫ
188,ьр[F:N]р[F:N]ч[CF:MASC][F:SG][F:V]с[F:FEM]л[CF:INS][FQ4][CF:MASC]ѫѫѫѫѫѫѫ
189,ьр[F:N]р[F:N]ч[CF:MASC][F:SG][F:V]с[F:FEM]л[CF:INS][FQ4][CF:MASC]ѫѫѫѫѫѫѫ
190,ьр[F:N]р[F:N]ч[CF:MASC][F:SG][F:V]с[F:FEM]л[CF:INS][FQ4][CF:MASC]ѫѫѫѫѫѫѫ
191,ьр[F:N]р[F:N]ч[CF:MASC][F:SG][F:V]с[F:FEM]л[CF:INS][FQ4][CF:MASC]ѫѫѫѫѫѫѫ
192,ьр[F:N]р[F:N]ч[CF:MASC][F:SG][F:V]с[F:FEM]л[CF:INS][FQ4][CF:MASC]ѫѫѫѫѫѫѫ
193,ьр[F:N]р[F:N]ч[CF:MASC][F:SG][F:V]с[F:FEM]л[CF:INS][FQ4][CF:MASC]ѫѫѫѫѫѫѫ
194,ьр[F:N]р[F:N]ч[CF:MASC][F:SG][F:V]с[F:FEM]л[CF:INS][FQ4][CF:MASC]ѫѫѫѫѫѫѫ
195,ьр[F:N]р[F:N]ч[CF:MASC][F:SG][F:V]с[F:FEM]л[CF:INS][FQ4][CF:MASC]ѫѫѫѫѫѫѫ
196,ьр[F:N]р[F:N]ч[CF:MASC][F:SG][F:V]с[F:FEM]л[CF:INS][FQ4][CF:MASC]ѫѫѫѫѫѫѫ
197,ьр[F:N]р[F:N]ч[CF:MASC][F:SG][F:V]с[F:FEM]л[CF:INS][FQ4][CF:MASC]ѫѫѫѫѫѫѫ
198,ьр[F:N]ч[CF:MASC]ѫѫѫѫѫѫѫѫѫѫѫѫѫѫѫѫѫѫѫѫѫѫѫѫѫѫѫѫѫѫѫѫѫѫѫ
199,ьр[F:N]р[F:N]ч[CF:MASC][F:SG][F:V]с[F:FEM]л[CF:INS][FQ4][CF:MASC]ѫѫѫѫѫѫѫ
200,ьр[F:N]р[F:N]ч[CF:MASC]ѫѫѫѫѫѫѫѫѫѫѫѫѫѫѫѫѫѫѫѫѫѫѫѫѫѫѫѫѫѫѫѫѫ
201,ьр[F:N]р[F:N]ч[CF:MASC]ѫѫѫѫѫѫѫѫѫѫѫѫѫѫѫ
202,ьр[F:N]р[F:N]ч[CF:MASC][F:SG][F:V]с[F:FEM]л[CF:INS][FQ4][CF:MASC]ѫѫѫѫѫѫѫ
203,ьр[F:N]р[F:N]ч[CF:MASC][F:SG][F:V]с[F:FEM]л[CF:INS][FQ4][CF:MASC]ѫѫѫѫѫѫѫѫѫѫѫѫѫѫѫѫѫѫѫѫѫѫѫѫѫ
204,ьр[F:N]р[F:N]ч[CF:MASC][F:SG][F:V]с[F:FEM]л[CF:INS][FQ4][CF:MASC]ѫѫѫѫѫѫѫ
205,ьр[F:N]р[F:N]ч[CF:MASC][F:SG][F:V]с[F:FEM]л[CF:INS][FQ4][CF:MASC]ѫѫѫѫѫѫѫѫѫѫѫѫѫѫѫѫѫѫѫѫѫѫѫѫѫ
206,ьр[F:N]р[F:N]ч[CF:MASC][F:SG][F:V]с[F:FEM]л[CF:INS][FQ4][CF:MASC]ѫѫѫѫѫѫѫ
207,ьр[F:N]р[F:N]ч[CF:MASC][F:SG][F:V]с[F:FEM]л[CF:INS][FQ4][CF:MASC]ѫѫѫѫѫѫѫѫѫѫѫѫѫѫѫѫѫѫѫѫѫѫѫѫѫ
208,ьр[F:N]р[F:N]ч[CF:MASC][F:SG][F:V]с[F:FEM]л[CF:INS][FQ4][CF:MASC]ѫѫѫѫѫѫѫ
209,ьр[F:N]р[F:N]ч[CF:MASC][F:SG][F:V]с[F:FEM]л[CF:INS][FQ4][CF:MASC]ѫѫѫѫѫѫѫ
210,ьр[F:N]р[F:N]ч[CF:MASC][F:SG][F:V]с[F:FEM]л[CF:INS][FQ4][CF:MASC]ѫѫѫѫѫѫѫ
211,ьр[F:N]р[F:N]ч[CF:MASC][F:SG][F:V]с[F:FEM]л[CF:INS][FQ4][CF:MASC]ѫѫѫѫѫѫѫ
212,ьр[F:N]р[F:N]ч[CF:MASC][F:SG][F:V]с[F:FEM]л[CF:INS][FQ4][CF:MASC]ѫѫѫѫѫѫѫ
213,ьр[F:N]р[F:N]ч[CF:MASC][F:SG][F:V]с[F:FEM]л[CF:INS][FQ4][CF:MASC]ѫѫѫѫѫѫѫ
214,ьр[F:N]ч[CF:MASC]ѫѫѫѫѫѫѫѫч[CF:MASC][F:SG][F:V]с
215,ьр[F:N]р[F:N]ч[CF:MASC][F:SG][F:V]с[F:FEM]л[CF:INS][FQ4][CF:MASC]ѫѫѫѫѫѫѫ
216,ьр[F:N]ч[CF:MASC]ѫѫѫѫѫѫѫѫѫѫѫѫѫѫѫѫѫ
217,ьр[F:N]ч[CF:MASC]ѫѫѫѫѫѫѫѫѫѫѫѫѫѫѫѫѫ
218,ьр[F:N]ч[CF:MASC]ѫѫѫѫѫѫѫѫѫѫѫѫѫѫѫѫѫ
219,ьр[F:N]ч[CF:MASC]ѫѫѫѫѫѫѫѫѫѫѫѫѫѫѫѫѫ
220,ьр[F:N]ч[CF:MASC]ѫѫѫѫѫѫѫѫѫѫѫѫѫѫѫѫѫ
221,ьр[F:N]ч[CF:MASC]ѫѫѫѫѫѫѫѫѫѫѫѫѫѫѫѫѫѫѫѫѫѫѫѫѫѫѫѫѫѫѫѫѫѫѫ
222,ьр[F:N]ч[CF:MASC]ѫѫѫѫѫѫѫѫѫѫѫѫѫѫѫѫѫѫѫѫѫѫѫѫѫѫѫѫѫѫѫѫѫѫѫ
223,ьр[F:N]р[F:N]ч[CF:MASC][F:SG][F:V]с[F:FEM]л[CF:INS][FQ4][CF:MASC]ѫѫѫѫѫѫѫѫѫѫѫѫѫѫѫѫѫѫѫѫѫѫѫѫѫ
224,ьр[F:N]р[F:N]ч[CF:MASC][F:SG][F:V]с[F:FEM]л[CF:INS][FQ4][CF:MASC]ѫѫѫѫѫѫѫѫѫѫѫѫѫѫѫѫѫѫѫѫѫѫѫѫѫ
225,ьр[F:N]р[F:N]ч[CF:MASC][F:SG][F:V]с[F:FEM]л[CF:INS][FQ4][CF:MASC]ѫѫѫѫѫѫѫ
226,ьр[F:N]р[F:N]ч[CF:MASC][F:SG][F:V]с[F:FEM]л[CF:INS][FQ4][CF:MASC]ѫѫѫѫѫѫѫ
227,ьр[F:N]р[F:N]ч[CF:MASC][F:SG][F:V]с[F:FEM]л[CF:INS][FQ4][CF:MASC]ѫѫѫѫѫѫѫѫѫѫѫѫѫѫѫѫѫѫѫѫѫѫѫѫѫ
228,ьр[F:N]р[F:N]ч[CF:MASC][F:SG][F:V]с[F:FEM]л[CF:INS][FQ4][CF:MASC]ѫѫѫѫѫѫѫѫѫѫѫѫѫѫѫѫѫѫѫѫѫѫѫѫѫ
229,ьр[F:N]р[F:N]ч[CF:MASC][F:SG][F:V]с[F:FEM]л[CF:INS][FQ4][CF:MASC]ѫѫѫѫѫѫѫѫѫѫѫѫѫѫѫѫѫѫѫѫѫѫѫѫѫ
230,ьр[F:N]р[F:N]ч[CF:MASC][F:SG][F:V]с[F:FEM]л[CF:INS][FQ4][CF:MASC]ѫѫѫѫѫѫѫ
231,ьр[F:N]р[F:N]ч[CF:MASC][F:SG][F:V]с[F:FEM]л[CF:INS][FQ4][CF:MASC]ѫѫѫѫѫѫѫ
232,ьр[F:N]р[F:N]ч[CF:MASC][F:SG][F:V]с[F:FEM]л[CF:INS][FQ4][CF:MASC]ѫѫѫѫѫѫѫ
233,ьр[F:N]р[F:N]ч[CF:MASC][F:SG][F:V]с[F:FEM]л[CF:INS][FQ4][CF:MASC]ѫѫѫѫѫѫѫѫѫѫѫѫѫѫѫѫѫѫѫѫѫѫѫѫѫ
234,ьр[F:N]р[F:N]ч[CF:MASC][F:SG][F:V]с[F:FEM]л[CF:INS][FQ4][CF:MASC]ѫѫѫѫѫѫѫ
235,ьр[F:N]р[F:N]ч[CF:MASC][F:SG][F:V]с[F:FEM]л[CF:INS][FQ4][CF:MASC]ѫѫѫѫѫѫѫ
236,ьр[F:N]р[F:N]ч[CF:MASC][F:SG][F:V]с[F:FEM]л[CF:INS][FQ4][CF:MASC]ѫѫѫѫѫѫѫ
237,ьр[F:N]р[F:N]ч[CF:MASC][F:SG][F:V]с[F:FEM]л[CF:INS][FQ4][CF:MASC]ѫѫѫѫѫѫѫ
238,ьр[F:N]р[F:N]ч[CF:MASC][F:SG][F:V]с[F:FEM]л[CF:INS][FQ4][CF:MASC]ѫѫѫѫѫѫѫѫѫѫѫѫѫѫѫѫѫѫѫѫѫѫѫѫѫ
239,ьр[F:N]р[F:N]ч[CF:MASC][F:SG][F:V]с[F:FEM]л[CF:INS][FQ4][CF:MASC]ѫѫѫѫѫѫѫ
240,ьр[F:N]р[F:N]ч[CF:MASC][F:SG][F:V]с[F:FEM]л[CF:INS][FQ4][CF:MASC]ѫѫѫѫѫѫѫ
241,ьр[F:N]р[F:N]ч[CF:MASC][F:SG][F:V]с[F:FEM]л[CF:INS][FQ4][CF:MASC]ѫѫѫѫѫѫѫѫѫѫѫѫѫѫѫѫѫѫѫѫѫѫѫѫѫ
242,ьр[F:N]ч[CF:MASC]ѫѫѫѫѫѫѫѫѫѫѫѫѫѫѫѫѫѫѫѫѫѫѫѫѫѫѫѫѫѫѫѫѫѫѫ
243,ьр[F:N]р[F:N]ч[CF:MASC]ѫѫѫѫѫѫѫѫѫѫѫѫѫѫѫ
244,ьр[F:N]р[F:N]ч[CF:MASC]ѫѫѫѫѫѫѫѫѫѫѫѫѫѫѫ
245,ьр[F:N]ч[CF:MASC]ѫѫѫѫѫѫѫѫѫѫѫѫѫѫѫѫѫ
246,ьр[F:N]р[F:N]ч[CF:MASC][F:SG][F:V]с[F:FEM]л[CF:INS][FQ4][CF:MASC]ѫѫѫѫѫѫѫ
247,ьр[F:N]р[F:N]ч[CF:MASC][F:SG][F:V]с[F:FEM]л[CF:INS][FQ4][CF:MASC]ѫѫѫѫѫѫѫѫѫѫѫѫѫѫѫѫѫѫѫѫѫѫѫѫѫ
248,ьр[F:N]р[F:N]ч[CF:MASC][F:SG][F:V]с[F:FEM]л[CF:INS][FQ4][CF:MASC]ѫѫѫѫѫѫѫѫѫѫѫѫѫѫѫѫѫѫѫѫѫѫѫѫѫ
249,ьр[F:N]р[F:N]ч[CF:MASC][F:SG][F:V]с[F:FEM]л[CF:INS][FQ4][CF:MASC]ѫѫѫѫѫѫѫ
250,ьр[F:N]ч[CF:MASC]ѫѫѫѫѫѫѫѫч[CF:MASC][F:SG][F:V]с
251,ьр[F:N]ч[CF:MASC]ѫѫѫѫѫѫѫѫч[CF:MASC][F:SG][F:V]с
252,ьр[F:N]ч[CF:MASC]ѫѫѫѫѫѫѫѫч[CF:MASC][F:SG][F:V]с
253,ьр[F:N]ч[CF:MASC]ѫѫѫѫѫѫѫѫч[CF:MASC][F:SG][F:V]с
254,ьр[F:N]ч[CF:MASC]ѫѫѫѫѫѫѫѫч[CF:MASC][F:SG][F:V]с
255,ьр[F:N]р[F:N]ч[CF:MASC][F:SG][F:V]с[F:FEM]л[CF:INS][FQ4][CF:MASC]ѫѫѫѫѫѫѫѫѫѫѫѫѫѫѫѫѫѫѫѫѫѫѫѫѫ
256,ьр[F:N]р[F:N]ч[CF:MASC][F:SG][F:V]с[F:FEM]л[CF:INS][FQ4][CF:MASC]ѫѫѫѫѫѫѫ
257,ьр[F:N]р[F:N]ч[CF:MASC][F:SG][F:V]с[F:FEM]л[CF:INS][FQ4][CF:MASC]ѫѫѫѫѫѫѫ
258,ьр[F:N]р[F:N]ч[CF:MASC][F:SG][F:V]с[F:FEM]л[CF:INS][FQ4][CF:MASC]ѫѫѫѫѫѫѫ
259,ьр[F:N]р[F:N]ч[CF:MASC][F:SG][F:V]с[F:FEM]л[CF:INS][FQ4][CF:MASC]ѫѫѫѫѫѫѫѫѫѫѫѫѫѫѫѫѫѫѫѫѫѫѫѫѫ
260,ьр[F:N]р[F:N]ч[CF:MASC][F:SG][F:V]с[F:FEM]л[CF:INS][FQ4][CF:MASC]ѫѫѫѫѫѫѫѫѫѫѫѫѫѫѫѫѫѫѫѫѫѫѫѫѫ
261,ьр[F:N]р[F:N]ч[CF:MASC][F:SG][F:V]с[F:FEM]л[CF:INS][FQ4][CF:MASC]ѫѫѫѫѫѫѫѫѫѫѫѫѫѫѫѫѫѫѫѫѫѫѫѫѫ
262,ьр[F:N]р[F:N]ч[CF:MASC][F:SG][F:V]с[F:FEM]л[CF:INS][FQ4][CF:MASC]ѫѫѫѫѫѫѫ
263,ьр[F:N]р[F:N]ч[CF:MASC][F:SG][F:V]с[F:FEM]л[CF:INS][FQ4][CF:MASC]ѫѫѫѫѫѫѫѫѫѫѫѫѫѫѫѫѫѫѫѫѫѫѫѫѫ
264,ьр[F:N]р[F:N]ч[CF:MASC][F:SG][F:V]с[F:FEM]л[CF:INS][FQ4][CF:MASC]ѫѫѫѫѫѫѫ
265,ьр[F:N]р[F:N]ч[CF:MASC][F:SG][F:V]с[F:FEM]л[CF:INS][FQ4][CF:MASC]ѫѫѫѫѫѫѫ
266,ьр[F:N]ч[CF:MASC]ѫѫѫѫѫѫѫѫѫѫѫѫѫѫѫѫѫ
267,ьр[F:N]р[F:N]ч[CF:MASC][F:SG][F:V]с[F:FEM]л[CF:INS][FQ4][CF:MASC]ѫѫѫѫѫѫѫѫѫѫѫѫѫѫѫѫѫѫѫѫѫѫѫѫѫ
268,ьр[F:N]р[F:N]ч[CF:MASC]ѫѫѫѫѫѫѫѫѫѫѫѫѫѫѫ
269,ьр[F:N]р[F:N]ч[CF:MASC]ѫѫѫѫѫѫѫѫѫѫѫѫѫѫѫ
270,ьр[F:N]р[F:N]ч[CF:MASC]ѫѫѫѫѫѫѫѫѫѫѫѫѫѫѫ
271,ьр[F:N]р[F:N]ч[CF:MASC]ѫѫѫѫѫѫѫѫѫѫѫѫѫѫѫ
272,ьр[F:N]р[F:N]ч[CF:MASC]ѫѫѫѫѫѫѫѫѫѫѫѫѫѫѫ
273,ьр[F:N]р[F:N]ч[CF:MASC][F:SG][F:V]с[F:FEM]л[CF:INS][FQ4][CF:MASC]ѫѫѫѫѫѫѫ
274,ьр[F:N]р[F:N]ч[CF:MASC][F:SG][F:V]с[F:FEM]л[CF:INS][FQ4][CF:MASC]ѫѫѫѫѫѫѫ
275,ьр[F:N]р[F:N]ч[CF:MASC][F:SG][F:V]с[F:FEM]л[CF:INS][FQ4][CF:MASC]ѫѫѫѫѫѫѫ
276,ьр[F:N]р[F:N]ч[CF:MASC][F:SG][F:V]с[F:FEM]л[CF:INS][FQ4][CF:MASC]ѫѫѫѫѫѫѫ
277,ьр[F:N]р[F:N]ч[CF:MASC][F:SG][F:V]с[F:FEM]л[CF:INS][FQ4][CF:MASC]ѫѫѫѫѫѫѫѫѫѫѫѫѫѫѫѫѫѫѫѫѫѫѫѫѫ
278,ьр[F:N]р[F:N]ч[CF:MASC][F:SG][F:V]с[F:FEM]л[CF:INS][FQ4][CF:MASC]ѫѫѫѫѫѫѫ
279,ьр[F:N]ч[CF:MASC]ѫѫѫѫѫѫѫѫѫѫѫѫѫѫѫѫѫ
280,ьр[F:N]ч[CF:MASC]ѫѫѫѫѫѫѫѫѫѫѫѫѫѫѫѫѫ
281,ьр[F:N]ч[CF:MASC]ѫѫѫѫѫѫѫѫч[CF:MASC][F:SG][F:V]с
282,ьр[F:N]ч[CF:MASC]ѫѫѫѫѫѫѫѫѫѫѫѫѫѫѫѫѫ
283,ьр[F:N]ч[CF:MASC]ѫѫѫѫѫѫѫѫч[CF:MASC][F:SG][F:V]с
284,ьр[F:N]ч[CF:MASC]ѫѫѫѫѫѫѫѫѫѫѫѫѫѫѫѫѫ
285,ьр[F:N]р[F:N]ч[CF:MASC][F:SG][F:V]с[F:FEM]л[CF:INS][FQ4][CF:MASC]ѫѫѫѫѫѫѫ
286,ьр[F:N]р[F:N]ч[CF:MASC][F:SG][F:V]с[F:FEM]л[CF:INS][FQ4][CF:MASC]ѫѫѫѫѫѫѫ
287,ьр[F:N]р[F:N]ч[CF:MASC][F:SG][F:V]с[F:FEM]л[CF:INS][FQ4][CF:MASC]ѫѫѫѫѫѫѫ
288,ьр[F:N]р[F:N]ч[CF:MASC][F:SG][F:V]с[F:FEM]л[CF:INS][FQ4][CF:MASC]ѫѫѫѫѫѫѫ
289,ьр[F:N]ч[CF:MASC]ѫѫѫѫѫѫѫѫѫѫѫѫѫѫѫѫѫ
290,ьр[F:N]р[F:N]ч[CF:MASC][F:SG][F:V]с[F:FEM]л[CF:INS][FQ4][CF:MASC]ѫѫѫѫѫѫѫ
291,ьр[F:N]р[F:N]ч[CF:MASC][F:SG][F:V]с[F:FEM]л[CF:INS][FQ4][CF:MASC]ѫѫѫѫѫѫѫ
292,ьр[F:N]р[F:N]ч[CF:MASC][F:SG][F:V]с[F:FEM]л[CF:INS][FQ4][CF:MASC]ѫѫѫѫѫѫѫ
293,ьр[F:N]ч[CF:MASC]ѫѫѫѫѫѫѫѫч[CF:MASC][F:SG][F:V]с
294,ьр[F:N]ч[CF:MASC]ѫѫѫѫѫѫѫѫч[CF:MASC][F:SG][F:V]с
295,ьр[F:N]р[F:N]ч[CF:MASC][F:SG][F:V]с[F:FEM]л[CF:INS][FQ4][CF:MASC]ѫѫѫѫѫѫѫ
296,ьр[F:N]р[F:N]ч[CF:MASC][F:SG][F:V]с[F:FEM]л[CF:INS][FQ4][CF:MASC]ѫѫѫѫѫѫѫ
297,ьр[F:N]р[F:N]ч[CF:MASC][F:SG][F:V]с[F:FEM]л[CF:INS][FQ4][CF:MASC]ѫѫѫѫѫѫѫ
298,ьр[F:N]р[F:N]ч[CF:MASC][F:SG][F:V]с[F:FEM]л[CF:INS][FQ4][CF:MASC]ѫѫѫѫѫѫѫ
299,ьр[F:N]р[F:N]ч[CF:MASC]ѫѫѫѫѫѫѫѫѫѫѫѫѫѫѫ
